Rk,Player,Squad_DOM,Club_DOM,Rating_10,MP_DOM,Saves_DOM,SoTA_DOM,SavePct_DOM,CS_DOM,GA90_DOM,Comparative_Story
1,Orlando Gill,Paraguay,1.py San Lorenzo,8.2,20,23,29,79.3,2,1.13,"**World Cup**: 5 MP, 29 SoTA, 23 Saves, 79.3% Save%, 2 CS | **Domestic (San Lorenzo)**: 20 MP, 23 Saves, 79.3% Save%, 2 CS"
2,Diogo Costa,Portugal,1.pt Porto,8.2,33,19,22,86.4,2,0.6,"**World Cup**: 5 MP, 22 SoTA, 19 Saves, 86.4% Save%, 2 CS | **Domestic (Porto)**: 33 MP, 19 Saves, 86.4% Save%, 2 CS"
3,Vozinha,Cabo Verde,2.pt Chaves,7.9,25,18,23,78.3,2,1.15,"**World Cup**: 4 MP, 23 SoTA, 18 Saves, 78.3% Save%, 2 CS | **Domestic (Chaves)**: 25 MP, 18 Saves, 78.3% Save%, 2 CS"
4,Gregor Kobel,Switzerland,Dortmund,7.8,27,88,122,72.1,15,1.0,"**World Cup**: 6 MP, 26 SoTA, 20 Saves, 76.9% Save%, 2 CS | **Domestic (Dortmund)**: 27 MP, 88 Saves, 72.1% Save%, 15 CS"
5,Emiliano Martínez,Argentina,Aston Villa,7.5,34,95,134,70.9,8,1.24,"**World Cup**: 8 MP, 28 SoTA, 20 Saves, 71.4% Save%, 2 CS | **Domestic (Aston Villa)**: 34 MP, 95 Saves, 70.9% Save%, 8 CS"
6,Eloy Room,Curaçao,2.us Miami FC,7.5,22,20,29,69.0,1,3.0,"**World Cup**: 3 MP, 29 SoTA, 20 Saves, 69.0% Save%, 1 CS | **Domestic (Miami FC)**: 22 MP, 20 Saves, 69.0% Save%, 1 CS"
7,Alireza Beiranvand,IR Iran,1.ir Tractor,7.4,22,15,18,83.3,1,1.0,"**World Cup**: 3 MP, 18 SoTA, 15 Saves, 83.3% Save%, 1 CS | **Domestic (Tractor)**: 22 MP, 15 Saves, 83.3% Save%, 1 CS"
8,Mohammed Al-Owais,Saudi Arabia,1.sa Al-Ula,7.3,25,16,21,76.2,1,1.67,"**World Cup**: 3 MP, 21 SoTA, 16 Saves, 76.2% Save%, 1 CS | **Domestic (Al-Ula)**: 25 MP, 16 Saves, 76.2% Save%, 1 CS"
9,Bart Verbruggen,Netherlands,Brighton,7.2,27,103,151,69.5,10,1.21,"**World Cup**: 4 MP, 21 SoTA, 16 Saves, 76.2% Save%, 0 CS | **Domestic (Brighton)**: 27 MP, 103 Saves, 69.5% Save%, 10 CS"
10,Patrick Beach,Australia,1.au Melb City,7.2,24,14,17,82.4,2,0.7,"**World Cup**: 3 MP, 17 SoTA, 14 Saves, 82.4% Save%, 2 CS | **Domestic (Melb City)**: 24 MP, 14 Saves, 82.4% Save%, 2 CS"
11,Alisson,Brazil,Liverpool,7.1,28,57,88,64.8,8,1.19,"**World Cup**: 5 MP, 18 SoTA, 14 Saves, 77.8% Save%, 2 CS | **Domestic (Liverpool)**: 28 MP, 57 Saves, 64.8% Save%, 8 CS"
12,Unai Simón,Spain,Athletic Club,7.0,36,97,151,64.2,6,1.46,"**World Cup**: 8 MP, 11 SoTA, 9 Saves, 90.9% Save%, 7 CS | **Domestic (Athletic Club)**: 36 MP, 97 Saves, 64.2% Save%, 6 CS"
13,Lionel Mpasi,Congo DR,Le Havre,6.8,25,15,17,88.2,1,0.57,"**World Cup**: 3 MP, 19 SoTA, 14 Saves, 73.7% Save%, 0 CS | **Domestic (Le Havre)**: 25 MP, 15 Saves, 88.2% Save%, 1 CS"
14,Ørjan Nyland,Norway,Sevilla,6.7,25,11,19,57.9,1,1.6,"**World Cup**: 6 MP, 22 SoTA, 15 Saves, 68.2% Save%, 0 CS | **Domestic (Sevilla)**: 25 MP, 11 Saves, 57.9% Save%, 1 CS"
15,Yassine Bounou,Morocco,Al-Hilal,6.7,31,44,65,69.2,14,0.77,"**World Cup**: 6 MP, 20 SoTA, 14 Saves, 70.0% Save%, 2 CS | **Domestic (Al-Hilal)**: 31 MP, 44 Saves, 69.2% Save%, 14 CS"
16,Lawrence Ati-Zigi,Ghana,1.ch St. Gallen,6.7,30,8,9,88.9,1,0.67,"**World Cup**: 3 MP, 9 SoTA, 8 Saves, 88.9% Save%, 1 CS | **Domestic (St. Gallen)**: 30 MP, 8 Saves, 88.9% Save%, 1 CS"
17,Thibaut Courtois,Belgium,Real Madrid,6.6,26,70,98,71.4,13,0.87,"**World Cup**: 6 MP, 20 SoTA, 14 Saves, 70.0% Save%, 1 CS | **Domestic (Real Madrid)**: 26 MP, 70 Saves, 71.4% Save%, 13 CS"
18,Jordan Pickford,England,Everton,6.5,38,99,149,66.4,11,1.32,"**World Cup**: 8 MP, 23 SoTA, 15 Saves, 65.2% Save%, 2 CS | **Domestic (Everton)**: 38 MP, 99 Saves, 66.4% Save%, 11 CS"
19,Zion Suzuki,Japan,Parma,6.4,25,65,93,69.9,5,1.4,"**World Cup**: 4 MP, 17 SoTA, 12 Saves, 70.6% Save%, 1 CS | **Domestic (Parma)**: 25 MP, 65 Saves, 69.9% Save%, 5 CS"
20,Ronwen Williams,South Africa,1.za Sundowns,6.4,25,11,15,73.3,1,1.0,"**World Cup**: 3 MP, 15 SoTA, 11 Saves, 73.3% Save%, 1 CS | **Domestic (Sundowns)**: 25 MP, 11 Saves, 73.3% Save%, 1 CS"
21,Benjamin Asare,Ghana,1.gh Accra Hearts of Oak,6.4,24,8,10,80.0,2,0.8,"**World Cup**: 2 MP, 10 SoTA, 8 Saves, 80.0% Save%, 2 CS | **Domestic (Accra Hearts of Oak)**: 24 MP, 8 Saves, 80.0% Save%, 2 CS"
22,Jacob Widell Zetterström,Sweden,2.eng Derby County,6.3,25,11,15,73.3,0,2.0,"**World Cup**: 3 MP, 15 SoTA, 11 Saves, 73.3% Save%, 0 CS | **Domestic (Derby County)**: 25 MP, 11 Saves, 73.3% Save%, 0 CS"
23,Camilo Vargas,Colombia,1.mx Atlas,6.1,32,6,7,85.7,4,0.19,"**World Cup**: 5 MP, 7 SoTA, 6 Saves, 85.7% Save%, 4 CS | **Domestic (Atlas)**: 32 MP, 6 Saves, 85.7% Save%, 4 CS"
24,Kim Seung-gyu,Korea Republic,1.jp FC Tokyo,6.0,25,9,12,75.0,0,1.0,"**World Cup**: 3 MP, 12 SoTA, 9 Saves, 75.0% Save%, 0 CS | **Domestic (FC Tokyo)**: 25 MP, 9 Saves, 75.0% Save%, 0 CS"
25,Raúl Rangel,Mexico,1.mx Guadalajara,5.9,28,8,11,72.7,4,0.62,"**World Cup**: 4 MP, 11 SoTA, 8 Saves, 72.7% Save%, 4 CS | **Domestic (Guadalajara)**: 28 MP, 8 Saves, 72.7% Save%, 4 CS"
26,Alexander Schlager,Austria,1.at RB Salzburg,5.8,25,13,22,59.1,0,2.25,"**World Cup**: 3 MP, 22 SoTA, 13 Saves, 59.1% Save%, 0 CS | **Domestic (RB Salzburg)**: 25 MP, 13 Saves, 59.1% Save%, 0 CS"
27,Mostafa Shobeir,Egypt,1.eg Al Ahly,5.8,25,12,19,63.2,0,1.31,"**World Cup**: 3 MP, 19 SoTA, 12 Saves, 63.2% Save%, 0 CS | **Domestic (Al Ahly)**: 25 MP, 12 Saves, 63.2% Save%, 0 CS"
28,Yahia Fofana,Côte d'Ivoire,1.tr Rizespor,5.8,25,9,13,69.2,2,1.0,"**World Cup**: 3 MP, 13 SoTA, 9 Saves, 69.2% Save%, 2 CS | **Domestic (Rizespor)**: 25 MP, 9 Saves, 69.2% Save%, 2 CS"
29,Mike Maignan,France,Milan,5.7,35,106,141,75.2,14,0.96,"**World Cup**: 8 MP, 22 SoTA, 12 Saves, 54.5% Save%, 4 CS | **Domestic (Milan)**: 35 MP, 106 Saves, 75.2% Save%, 14 CS"
30,Johny Placide,Haiti,2.fr Bastia,5.7,25,11,19,57.9,0,2.67,"**World Cup**: 3 MP, 19 SoTA, 11 Saves, 57.9% Save%, 0 CS | **Domestic (Bastia)**: 25 MP, 11 Saves, 57.9% Save%, 0 CS"
31,Hernán Galíndez,Ecuador,1.ar Huracán,5.7,25,9,13,69.2,1,1.0,"**World Cup**: 3 MP, 13 SoTA, 9 Saves, 69.2% Save%, 1 CS | **Domestic (Huracán)**: 25 MP, 9 Saves, 69.2% Save%, 1 CS"
32,Mahmoud Abunada,Qatar,1.qa Al Rayyan SC,5.5,25,12,22,54.5,0,3.33,"**World Cup**: 3 MP, 22 SoTA, 12 Saves, 54.5% Save%, 0 CS | **Domestic (Al Rayyan SC)**: 25 MP, 12 Saves, 54.5% Save%, 0 CS"
33,Dominik Livaković,Croatia,1.hr Dinamo Zagreb,5.5,34,10,17,58.8,1,1.75,"**World Cup**: 4 MP, 17 SoTA, 10 Saves, 58.8% Save%, 1 CS | **Domestic (Dinamo Zagreb)**: 34 MP, 10 Saves, 58.8% Save%, 1 CS"
34,Angus Gunn,Scotland,Nottingham,5.5,25,0,0,65.0,0,0.0,"**World Cup**: 3 MP, 12 SoTA, 8 Saves, 66.7% Save%, 1 CS | **Domestic (Nottingham)**: 25 MP, 0 Saves, 65.0% Save%, 0 CS"
35,Max Crocombe,New Zealand,2.eng Millwall,5.4,25,11,21,52.4,0,3.33,"**World Cup**: 3 MP, 21 SoTA, 11 Saves, 52.4% Save%, 0 CS | **Domestic (Millwall)**: 25 MP, 11 Saves, 52.4% Save%, 0 CS"
36,Matej Kovar,Czechia,1.nl PSV,5.3,25,9,15,60.0,0,2.0,"**World Cup**: 3 MP, 15 SoTA, 9 Saves, 60.0% Save%, 0 CS | **Domestic (PSV)**: 25 MP, 9 Saves, 60.0% Save%, 0 CS"
37,Matt Freese,United States,NYCFC,5.2,25,54,76,71.1,3,1.37,"**World Cup**: 3 MP, 13 SoTA, 8 Saves, 61.5% Save%, 2 CS | **Domestic (NYCFC)**: 25 MP, 54 Saves, 71.1% Save%, 3 CS"
38,Uğurcan Çakır,Türkiye,1.tr Galatasaray,5.2,25,8,13,61.5,0,1.67,"**World Cup**: 3 MP, 13 SoTA, 8 Saves, 61.5% Save%, 0 CS | **Domestic (Galatasaray)**: 25 MP, 8 Saves, 61.5% Save%, 0 CS"
39,Luca Zidane,Algeria,2.es Granada,5.2,25,8,14,57.1,0,2.0,"**World Cup**: 3 MP, 14 SoTA, 8 Saves, 57.1% Save%, 0 CS | **Domestic (Granada)**: 25 MP, 8 Saves, 57.1% Save%, 0 CS"
40,Édouard Mendy,Senegal,Al-Ahli,5.2,25,43,61,70.5,14,0.69,"**World Cup**: 4 MP, 14 SoTA, 8 Saves, 57.1% Save%, 0 CS | **Domestic (Al-Ahli)**: 25 MP, 43 Saves, 70.5% Save%, 14 CS"
41,Yazeed Abulaila,Jordan,1.jo Al-Hussein SC,5.2,25,8,16,50.0,0,2.67,"**World Cup**: 3 MP, 16 SoTA, 8 Saves, 50.0% Save%, 0 CS | **Domestic (Al-Hussein SC)**: 25 MP, 8 Saves, 50.0% Save%, 0 CS"
42,Jalal Hassan,Iraq,1.iq Al-Zawra'a SC,5.2,25,8,16,50.0,0,5.33,"**World Cup**: 3 MP, 16 SoTA, 8 Saves, 50.0% Save%, 0 CS | **Domestic (Al-Zawra'a SC)**: 25 MP, 8 Saves, 50.0% Save%, 0 CS"
43,Orlando Mosquera,Panama,Al-Fayha,5.2,25,92,142,64.8,7,1.56,"**World Cup**: 3 MP, 11 SoTA, 7 Saves, 63.6% Save%, 0 CS | **Domestic (Al-Fayha)**: 25 MP, 92 Saves, 64.8% Save%, 7 CS"
44,Maxime Crépeau,Canada,Orlando City,5.2,25,69,112,61.6,1,3.04,"**World Cup**: 3 MP, 12 SoTA, 6 Saves, 50.0% Save%, 2 CS | **Domestic (Orlando City)**: 25 MP, 69 Saves, 61.6% Save%, 1 CS"
45,Nikola Vasilj,Bosnia–Herz,St Pauli,5.2,25,123,183,67.2,5,1.76,"**World Cup**: 3 MP, 14 SoTA, 6 Saves, 42.9% Save%, 0 CS | **Domestic (St Pauli)**: 25 MP, 123 Saves, 67.2% Save%, 5 CS"
46,Dean Henderson,England,Crystal Palace,5.2,25,104,156,67.3,11,1.38,"**World Cup**: 3 MP, 9 SoTA, 5 Saves, 55.6% Save%, 0 CS | **Domestic (Crystal Palace)**: 25 MP, 104 Saves, 67.3% Save%, 11 CS"
47,Egil Selvik,Norway,2.eng Watford,5.2,25,5,9,55.6,0,4.0,"**World Cup**: 3 MP, 9 SoTA, 5 Saves, 55.6% Save%, 0 CS | **Domestic (Watford)**: 25 MP, 5 Saves, 55.6% Save%, 0 CS"
48,Manuel Neuer,Germany,Bayern Munich,5.2,23,31,51,60.8,7,0.97,"**World Cup**: 4 MP, 10 SoTA, 5 Saves, 50.0% Save%, 0 CS | **Domestic (Bayern Munich)**: 23 MP, 31 Saves, 60.8% Save%, 7 CS"
49,Aymen Dahmen,Tunisia,1.tn Ahly Sfaxien,5.2,25,5,12,41.7,0,3.5,"**World Cup**: 3 MP, 12 SoTA, 5 Saves, 41.7% Save%, 0 CS | **Domestic (Ahly Sfaxien)**: 25 MP, 5 Saves, 41.7% Save%, 0 CS"
50,Abduvohid Nematov,Uzbekistan,1.uz FC Nasaf,5.2,25,5,13,38.5,0,4.0,"**World Cup**: 3 MP, 13 SoTA, 5 Saves, 38.5% Save%, 0 CS | **Domestic (FC Nasaf)**: 25 MP, 5 Saves, 38.5% Save%, 0 CS"
51,Mory Diaw,Senegal,Le Havre,5.2,25,80,121,66.1,7,1.39,"**World Cup**: 3 MP, 7 SoTA, 4 Saves, 57.1% Save%, 1 CS | **Domestic (Le Havre)**: 25 MP, 80 Saves, 66.1% Save%, 7 CS"
52,Fernando Muslera,Uruguay,1.tr Galatasaray,5.2,25,4,8,50.0,0,1.6,"**World Cup**: 3 MP, 8 SoTA, 4 Saves, 50.0% Save%, 0 CS | **Domestic (Galatasaray)**: 25 MP, 4 Saves, 50.0% Save%, 0 CS"
53,Ahmed Basil,Iraq,1.iq Al-Shorta,5.2,25,3,7,42.9,0,2.67,"**World Cup**: 3 MP, 7 SoTA, 3 Saves, 42.9% Save%, 0 CS | **Domestic (Al-Shorta)**: 25 MP, 3 Saves, 42.9% Save%, 0 CS"
54,Kristoffer Nordfeldt,Sweden,1.se AIK Stockholm,5.2,25,3,9,33.3,0,3.0,"**World Cup**: 3 MP, 9 SoTA, 3 Saves, 33.3% Save%, 0 CS | **Domestic (AIK Stockholm)**: 25 MP, 3 Saves, 33.3% Save%, 0 CS"
55,Senne Lammens,Belgium,Manchester Utd,5.2,25,78,118,66.9,8,1.22,"**World Cup**: 3 MP, 3 SoTA, 2 Saves, 66.7% Save%, 0 CS | **Domestic (Manchester Utd)**: 25 MP, 78 Saves, 66.9% Save%, 8 CS"
56,Utkir Yusupov,Uzbekistan,1.uz Navbahor,5.2,25,1,4,25.0,0,3.0,"**World Cup**: 3 MP, 4 SoTA, 1 Saves, 25.0% Save%, 0 CS | **Domestic (Navbahor)**: 25 MP, 1 Saves, 25.0% Save%, 0 CS"
57,Mouhib Chamakh,Tunisia,1.tn Club Africain,5.2,25,1,6,16.7,0,5.0,"**World Cup**: 3 MP, 6 SoTA, 1 Saves, 16.7% Save%, 0 CS | **Domestic (Club Africain)**: 25 MP, 1 Saves, 16.7% Save%, 0 CS"
58,Guillermo Ochoa,Mexico,1.cy AEL Limassol,5.2,22,0,0,65.0,1,0.0,"**World Cup**: 1 MP, 0 SoTA, 0 Saves, 50.0% Save%, 1 CS | **Domestic (AEL Limassol)**: 22 MP, 0 Saves, 65.0% Save%, 1 CS"
59,Mathew Ryan,Australia,Levante,5.2,25,124,180,68.9,9,1.56,"**World Cup**: 4 MP, 0 SoTA, 0 Saves, 50.0% Save%, 0 CS | **Domestic (Levante)**: 25 MP, 124 Saves, 68.9% Save%, 9 CS"
60,Sergio Rochet,Uruguay,1.br Internacional,5.2,25,0,0,65.0,0,0.0,"**World Cup**: 3 MP, 0 SoTA, 0 Saves, 50.0% Save%, 0 CS | **Domestic (Internacional)**: 25 MP, 0 Saves, 65.0% Save%, 0 CS"
61,Matt Turner,United States,NE Revolution,5.2,18,62,80,77.5,4,1.2,"**World Cup**: 5 MP, 3 SoTA, 0 Saves, 0.0% Save%, 0 CS | **Domestic (NE Revolution)**: 18 MP, 62 Saves, 77.5% Save%, 4 CS"
62,Oussama Benbot,Algeria,1.dz USM Alger,5.2,25,0,3,0.0,0,3.0,"**World Cup**: 3 MP, 3 SoTA, 0 Saves, 0.0% Save%, 0 CS | **Domestic (USM Alger)**: 25 MP, 0 Saves, 0.0% Save%, 0 CS"
