Rk,Player,Squad,Club,Age,MP_WC,Saves_WC,SoTA_WC,SavePct_WC,CS_WC,GA90_WC,MP_DOM,Saves_DOM,SavePct_DOM,CS_DOM,GA90_DOM,Rating,Highlight,Opponents,Local_File,Relative_Path,Avatar,Story
1,Orlando Gill,Paraguay,San Lorenzo,28,5,23,29,79.3,2,1.13,20,23,79.3,2,1.13,8.2,Round of 16,"USA, Australia, Türkiye",gk_22_Orlando_Gill.jpg,goalkeeper_images/gk_22_Orlando_Gill.jpg,goalkeeper_images/gk_22_Orlando_Gill.jpg,"**World Cup**: 5 MP, 29 SoTA, 23 Saves, 79.3% Save%, 2 CS | **Domestic (San Lorenzo)**: 20 MP, 23 Saves, 79.3% Save%, 2 CS"
2,Diogo Costa,Portugal,Porto,28,5,19,22,86.4,2,0.6,33,19,86.4,2,0.6,8.2,Round of 16,"DR Congo, Uzbekistan, Colombia",gk_13_Diogo_Costa.jpg,goalkeeper_images/gk_13_Diogo_Costa.jpg,goalkeeper_images/gk_13_Diogo_Costa.jpg,"**World Cup**: 5 MP, 22 SoTA, 19 Saves, 86.4% Save%, 2 CS | **Domestic (Porto)**: 33 MP, 19 Saves, 86.4% Save%, 2 CS"
3,Vozinha,Cabo Verde,Chaves,28,4,18,23,78.3,2,1.15,25,18,78.3,2,1.15,7.9,Round of 32,"Spain, Uruguay, Saudi Arabia",gk_58_Vozinha.jpg,goalkeeper_images/gk_58_Vozinha.jpg,goalkeeper_images/gk_58_Vozinha.jpg,"**World Cup**: 4 MP, 23 SoTA, 18 Saves, 78.3% Save%, 2 CS | **Domestic (Chaves)**: 25 MP, 18 Saves, 78.3% Save%, 2 CS"
4,Gregor Kobel,Switzerland,Dortmund,28,6,20,26,76.9,2,0.9,27,88,72.1,15,1.0,7.8,Quarterfinalists,"Canada, Bosnia, Qatar",gk_26_Gregor_Kobel.jpg,goalkeeper_images/gk_26_Gregor_Kobel.jpg,goalkeeper_images/gk_26_Gregor_Kobel.jpg,"**World Cup**: 6 MP, 26 SoTA, 20 Saves, 76.9% Save%, 2 CS | **Domestic (Dortmund)**: 27 MP, 88 Saves, 72.1% Save%, 15 CS"
5,Emiliano Martínez,Argentina,Aston Villa,28,8,20,28,71.4,2,0.89,34,95,70.9,8,1.24,7.5,Runners-up (Finalist) 🥈,"Algeria, Austria, Jordan",gk_31_Emiliano_Mart_nez.jpg,goalkeeper_images/gk_31_Emiliano_Mart_nez.jpg,goalkeeper_images/gk_31_Emiliano_Mart_nez.jpg,"**World Cup**: 8 MP, 28 SoTA, 20 Saves, 71.4% Save%, 2 CS | **Domestic (Aston Villa)**: 34 MP, 95 Saves, 70.9% Save%, 8 CS"
6,Eloy Room,Curaçao,Miami FC,28,3,20,29,69.0,1,3.0,22,20,69.0,1,3.0,7.5,Group Stage,"Germany, Ivory Coast, Ecuador",gk_46_Eloy_Room.jpg,goalkeeper_images/gk_46_Eloy_Room.jpg,goalkeeper_images/gk_46_Eloy_Room.jpg,"**World Cup**: 3 MP, 29 SoTA, 20 Saves, 69.0% Save%, 1 CS | **Domestic (Miami FC)**: 22 MP, 20 Saves, 69.0% Save%, 1 CS"
7,Alireza Beiranvand,IR Iran,Tractor,28,3,15,18,83.3,1,1.0,22,15,83.3,1,1.0,7.4,Group Stage,"Belgium, Egypt, New Zealand",gk_08_Alireza_Beiranvand.jpg,goalkeeper_images/gk_08_Alireza_Beiranvand.jpg,goalkeeper_images/gk_08_Alireza_Beiranvand.jpg,"**World Cup**: 3 MP, 18 SoTA, 15 Saves, 83.3% Save%, 1 CS | **Domestic (Tractor)**: 22 MP, 15 Saves, 83.3% Save%, 1 CS"
8,Mohammed Al-Owais,Saudi Arabia,Al-Ula,28,3,16,21,76.2,1,1.67,25,16,76.2,1,1.67,7.3,Group Stage,"Spain, Cabo Verde, Uruguay",gk_41_Mohammed_Al_Owais.jpg,goalkeeper_images/gk_41_Mohammed_Al_Owais.jpg,goalkeeper_images/gk_41_Mohammed_Al_Owais.jpg,"**World Cup**: 3 MP, 21 SoTA, 16 Saves, 76.2% Save%, 1 CS | **Domestic (Al-Ula)**: 25 MP, 16 Saves, 76.2% Save%, 1 CS"
9,Bart Verbruggen,Netherlands,Brighton,28,4,16,21,76.2,0,1.15,27,103,69.5,10,1.21,7.2,Round of 16,"Japan, Sweden, Tunisia",gk_57_Bart_Verbruggen.jpg,goalkeeper_images/gk_57_Bart_Verbruggen.jpg,goalkeeper_images/gk_57_Bart_Verbruggen.jpg,"**World Cup**: 4 MP, 21 SoTA, 16 Saves, 76.2% Save%, 0 CS | **Domestic (Brighton)**: 27 MP, 103 Saves, 69.5% Save%, 10 CS"
10,Patrick Beach,Australia,Melb City,28,3,14,17,82.4,2,0.7,24,14,82.4,2,0.7,7.2,Round of 32,"USA, Paraguay, Türkiye",gk_07_Patrick_Beach.jpg,goalkeeper_images/gk_07_Patrick_Beach.jpg,goalkeeper_images/gk_07_Patrick_Beach.jpg,"**World Cup**: 3 MP, 17 SoTA, 14 Saves, 82.4% Save%, 2 CS | **Domestic (Melb City)**: 24 MP, 14 Saves, 82.4% Save%, 2 CS"
11,Alisson,Brazil,Liverpool,28,5,14,18,77.8,2,0.8,28,57,64.8,8,1.19,7.1,Quarterfinalists,"Morocco, Haiti, Scotland",gk_03_Alisson.jpg,goalkeeper_images/gk_03_Alisson.jpg,goalkeeper_images/gk_03_Alisson.jpg,"**World Cup**: 5 MP, 18 SoTA, 14 Saves, 77.8% Save%, 2 CS | **Domestic (Liverpool)**: 28 MP, 57 Saves, 64.8% Save%, 8 CS"
12,Unai Simón,Spain,Athletic Club,28,8,9,11,90.9,7,0.12,36,97,64.2,6,1.46,7.0,2026 World Cup Champions 🏆,"Cabo Verde, Uruguay, Saudi Arabia",gk_52_Unai_Sim_n.jpg,goalkeeper_images/gk_52_Unai_Sim_n.jpg,goalkeeper_images/gk_52_Unai_Sim_n.jpg,"**World Cup**: 8 MP, 11 SoTA, 9 Saves, 90.9% Save%, 7 CS | **Domestic (Athletic Club)**: 36 MP, 97 Saves, 64.2% Save%, 6 CS"
13,Lionel Mpasi,Congo DR,Le Havre,28,3,14,19,73.7,0,1.25,25,15,88.2,1,0.57,6.8,World Cup Participant,"Portugal, Uzbekistan, Colombia",gk_34_Lionel_Mpasi.jpg,goalkeeper_images/gk_34_Lionel_Mpasi.jpg,goalkeeper_images/gk_34_Lionel_Mpasi.jpg,"**World Cup**: 3 MP, 19 SoTA, 14 Saves, 73.7% Save%, 0 CS | **Domestic (Le Havre)**: 25 MP, 15 Saves, 88.2% Save%, 1 CS"
14,Ørjan Nyland,Norway,Sevilla,28,6,15,22,68.2,0,1.31,25,11,57.9,1,1.6,6.7,Round of 16 (Biggest Climb +12),"France, Senegal, Iraq",gk_39__rjan_Nyland.jpg,goalkeeper_images/gk_39__rjan_Nyland.jpg,goalkeeper_images/gk_39__rjan_Nyland.jpg,"**World Cup**: 6 MP, 22 SoTA, 15 Saves, 68.2% Save%, 0 CS | **Domestic (Sevilla)**: 25 MP, 11 Saves, 57.9% Save%, 1 CS"
15,Yassine Bounou,Morocco,Al-Hilal,28,6,14,20,70.0,2,0.95,31,44,69.2,14,0.77,6.7,Quarterfinalists (Highest African Rank #6),"Brazil, Haiti, Scotland",gk_10_Yassine_Bounou.jpg,goalkeeper_images/gk_10_Yassine_Bounou.jpg,goalkeeper_images/gk_10_Yassine_Bounou.jpg,"**World Cup**: 6 MP, 20 SoTA, 14 Saves, 70.0% Save%, 2 CS | **Domestic (Al-Hilal)**: 31 MP, 44 Saves, 69.2% Save%, 14 CS"
16,Lawrence Ati-Zigi,Ghana,St. Gallen,28,3,8,9,88.9,1,0.67,30,8,88.9,1,0.67,6.7,Group Stage,"England, Croatia, Panama",gk_05_Lawrence_Ati_Zigi.jpg,goalkeeper_images/gk_05_Lawrence_Ati_Zigi.jpg,goalkeeper_images/gk_05_Lawrence_Ati_Zigi.jpg,"**World Cup**: 3 MP, 9 SoTA, 8 Saves, 88.9% Save%, 1 CS | **Domestic (St. Gallen)**: 30 MP, 8 Saves, 88.9% Save%, 1 CS"
17,Thibaut Courtois,Belgium,Real Madrid,28,6,14,20,70.0,1,0.98,26,70,71.4,13,0.87,6.6,Quarterfinalists,"Egypt, Iran, New Zealand",gk_14_Thibaut_Courtois.jpg,goalkeeper_images/gk_14_Thibaut_Courtois.jpg,goalkeeper_images/gk_14_Thibaut_Courtois.jpg,"**World Cup**: 6 MP, 20 SoTA, 14 Saves, 70.0% Save%, 1 CS | **Domestic (Real Madrid)**: 26 MP, 70 Saves, 71.4% Save%, 13 CS"
18,Jordan Pickford,England,Everton,28,8,15,23,65.2,2,1.09,38,99,66.4,11,1.32,6.5,Semifinalists (3rd Place) 🥉,"Croatia, Panama, Ghana",gk_42_Jordan_Pickford.jpg,goalkeeper_images/gk_42_Jordan_Pickford.jpg,goalkeeper_images/gk_42_Jordan_Pickford.jpg,"**World Cup**: 8 MP, 23 SoTA, 15 Saves, 65.2% Save%, 2 CS | **Domestic (Everton)**: 38 MP, 99 Saves, 66.4% Save%, 11 CS"
19,Zion Suzuki,Japan,Parma,28,4,12,17,70.6,1,1.25,25,65,69.9,5,1.4,6.4,Round of 32,"Netherlands, Sweden, Tunisia",gk_53_Zion_Suzuki.jpg,goalkeeper_images/gk_53_Zion_Suzuki.jpg,goalkeeper_images/gk_53_Zion_Suzuki.jpg,"**World Cup**: 4 MP, 17 SoTA, 12 Saves, 70.6% Save%, 1 CS | **Domestic (Parma)**: 25 MP, 65 Saves, 69.9% Save%, 5 CS"
20,Ronwen Williams,South Africa,Sundowns,28,3,11,15,73.3,1,1.0,25,11,73.3,1,1.0,6.4,World Cup Participant,"Mexico, South Korea, Czechia",gk_60_Ronwen_Williams.jpg,goalkeeper_images/gk_60_Ronwen_Williams.jpg,goalkeeper_images/gk_60_Ronwen_Williams.jpg,"**World Cup**: 3 MP, 15 SoTA, 11 Saves, 73.3% Save%, 1 CS | **Domestic (Sundowns)**: 25 MP, 11 Saves, 73.3% Save%, 1 CS"
21,Benjamin Asare,Ghana,Accra Hearts of Oak,28,2,8,10,80.0,2,0.8,24,8,80.0,2,0.8,6.4,Group Stage,"England, Croatia, Panama",gk_04_Benjamin_Asare.jpg,goalkeeper_images/gk_04_Benjamin_Asare.jpg,goalkeeper_images/gk_04_Benjamin_Asare.jpg,"**World Cup**: 2 MP, 10 SoTA, 8 Saves, 80.0% Save%, 2 CS | **Domestic (Accra Hearts of Oak)**: 24 MP, 8 Saves, 80.0% Save%, 2 CS"
22,Jacob Widell Zetterström,Sweden,Derby County,28,3,11,15,73.3,0,2.0,25,11,73.3,0,2.0,6.3,World Cup Participant,"Netherlands, Japan, Tunisia",gk_59_Jacob_Widell_Zetterstr_m.jpg,goalkeeper_images/gk_59_Jacob_Widell_Zetterstr_m.jpg,goalkeeper_images/gk_59_Jacob_Widell_Zetterstr_m.jpg,"**World Cup**: 3 MP, 15 SoTA, 11 Saves, 73.3% Save%, 0 CS | **Domestic (Derby County)**: 25 MP, 11 Saves, 73.3% Save%, 0 CS"
23,Camilo Vargas,Colombia,Atlas,28,5,6,7,85.7,4,0.19,32,6,85.7,4,0.19,6.1,Round of 16,"Portugal, DR Congo, Uzbekistan",gk_55_Camilo_Vargas.jpg,goalkeeper_images/gk_55_Camilo_Vargas.jpg,goalkeeper_images/gk_55_Camilo_Vargas.jpg,"**World Cup**: 5 MP, 7 SoTA, 6 Saves, 85.7% Save%, 4 CS | **Domestic (Atlas)**: 32 MP, 6 Saves, 85.7% Save%, 4 CS"
24,Kim Seung-gyu,Korea Republic,FC Tokyo,28,3,9,12,75.0,0,1.0,25,9,75.0,0,1.0,6.0,World Cup Participant,"Mexico, South Africa, Czechia",gk_50_Kim_Seung_gyu.jpg,goalkeeper_images/gk_50_Kim_Seung_gyu.jpg,goalkeeper_images/gk_50_Kim_Seung_gyu.jpg,"**World Cup**: 3 MP, 12 SoTA, 9 Saves, 75.0% Save%, 0 CS | **Domestic (FC Tokyo)**: 25 MP, 9 Saves, 75.0% Save%, 0 CS"
25,Raúl Rangel,Mexico,Guadalajara,28,4,8,11,72.7,4,0.62,28,8,72.7,4,0.62,5.9,Round of 16 (Co-hosts),"South Africa, South Korea, Czechia",gk_44_Ra_l_Rangel.jpg,goalkeeper_images/gk_44_Ra_l_Rangel.jpg,goalkeeper_images/gk_44_Ra_l_Rangel.jpg,"**World Cup**: 4 MP, 11 SoTA, 8 Saves, 72.7% Save%, 4 CS | **Domestic (Guadalajara)**: 28 MP, 8 Saves, 72.7% Save%, 4 CS"
26,Alexander Schlager,Austria,RB Salzburg,28,3,13,22,59.1,0,2.25,25,13,59.1,0,2.25,5.8,Round of 32,"Argentina, Algeria, Jordan",gk_48_Alexander_Schlager.jpg,goalkeeper_images/gk_48_Alexander_Schlager.jpg,goalkeeper_images/gk_48_Alexander_Schlager.jpg,"**World Cup**: 3 MP, 22 SoTA, 13 Saves, 59.1% Save%, 0 CS | **Domestic (RB Salzburg)**: 25 MP, 13 Saves, 59.1% Save%, 0 CS"
27,Mostafa Shobeir,Egypt,Al Ahly,28,3,12,19,63.2,0,1.31,25,12,63.2,0,1.31,5.8,World Cup Participant,"Belgium, Iran, New Zealand",gk_51_Mostafa_Shobeir.jpg,goalkeeper_images/gk_51_Mostafa_Shobeir.jpg,goalkeeper_images/gk_51_Mostafa_Shobeir.jpg,"**World Cup**: 3 MP, 19 SoTA, 12 Saves, 63.2% Save%, 0 CS | **Domestic (Al Ahly)**: 25 MP, 12 Saves, 63.2% Save%, 0 CS"
28,Yahia Fofana,Côte d'Ivoire,Rizespor,28,3,9,13,69.2,2,1.0,25,9,69.2,2,1.0,5.8,World Cup Participant,"Germany, Curaçao, Ecuador",gk_19_Yahia_Fofana.jpg,goalkeeper_images/gk_19_Yahia_Fofana.jpg,goalkeeper_images/gk_19_Yahia_Fofana.jpg,"**World Cup**: 3 MP, 13 SoTA, 9 Saves, 69.2% Save%, 2 CS | **Domestic (Rizespor)**: 25 MP, 9 Saves, 69.2% Save%, 2 CS"
29,Mike Maignan,France,Milan,28,8,12,22,54.5,4,1.25,35,106,75.2,14,0.96,5.7,Semifinalists (4th Place),"Senegal, Iraq, Norway",gk_30_Mike_Maignan.jpg,goalkeeper_images/gk_30_Mike_Maignan.jpg,goalkeeper_images/gk_30_Mike_Maignan.jpg,"**World Cup**: 8 MP, 22 SoTA, 12 Saves, 54.5% Save%, 4 CS | **Domestic (Milan)**: 35 MP, 106 Saves, 75.2% Save%, 14 CS"
30,Johny Placide,Haiti,Bastia,28,3,11,19,57.9,0,2.67,25,11,57.9,0,2.67,5.7,World Cup Participant,"Brazil, Morocco, Scotland",gk_43_Johny_Placide.jpg,goalkeeper_images/gk_43_Johny_Placide.jpg,goalkeeper_images/gk_43_Johny_Placide.jpg,"**World Cup**: 3 MP, 19 SoTA, 11 Saves, 57.9% Save%, 0 CS | **Domestic (Bastia)**: 25 MP, 11 Saves, 57.9% Save%, 0 CS"
31,Hernán Galíndez,Ecuador,Huracán,28,3,9,13,69.2,1,1.0,25,9,69.2,1,1.0,5.7,World Cup Participant,"Germany, Curaçao, Ivory Coast",gk_21_Hern_n_Gal_ndez.jpg,goalkeeper_images/gk_21_Hern_n_Gal_ndez.jpg,goalkeeper_images/gk_21_Hern_n_Gal_ndez.jpg,"**World Cup**: 3 MP, 13 SoTA, 9 Saves, 69.2% Save%, 1 CS | **Domestic (Huracán)**: 25 MP, 9 Saves, 69.2% Save%, 1 CS"
32,Mahmoud Abunada,Qatar,Al Rayyan SC,28,3,12,22,54.5,0,3.33,25,12,54.5,0,3.33,5.5,World Cup Participant,"Canada, Bosnia, Switzerland",gk_02_Mahmoud_Abunada.jpg,goalkeeper_images/gk_02_Mahmoud_Abunada.jpg,goalkeeper_images/gk_02_Mahmoud_Abunada.jpg,"**World Cup**: 3 MP, 22 SoTA, 12 Saves, 54.5% Save%, 0 CS | **Domestic (Al Rayyan SC)**: 25 MP, 12 Saves, 54.5% Save%, 0 CS"
33,Dominik Livaković,Croatia,Dinamo Zagreb,28,4,10,17,58.8,1,1.75,34,10,58.8,1,1.75,5.5,Round of 16,"England, Panama, Ghana",gk_29_Dominik_Livakovi_.jpg,goalkeeper_images/gk_29_Dominik_Livakovi_.jpg,goalkeeper_images/gk_29_Dominik_Livakovi_.jpg,"**World Cup**: 4 MP, 17 SoTA, 10 Saves, 58.8% Save%, 1 CS | **Domestic (Dinamo Zagreb)**: 34 MP, 10 Saves, 58.8% Save%, 1 CS"
34,Angus Gunn,Scotland,Nottingham,28,3,8,12,66.7,1,1.33,25,0,65.0,0,0.0,5.5,World Cup Participant,"Brazil, Morocco, Haiti",gk_23_Angus_Gunn.jpg,goalkeeper_images/gk_23_Angus_Gunn.jpg,goalkeeper_images/gk_23_Angus_Gunn.jpg,"**World Cup**: 3 MP, 12 SoTA, 8 Saves, 66.7% Save%, 1 CS | **Domestic (Nottingham)**: 25 MP, 0 Saves, 65.0% Save%, 0 CS"
35,Max Crocombe,New Zealand,Millwall,28,3,11,21,52.4,0,3.33,25,11,52.4,0,3.33,5.4,World Cup Participant,"Belgium, Egypt, Iran",gk_16_Max_Crocombe.jpg,goalkeeper_images/gk_16_Max_Crocombe.jpg,goalkeeper_images/gk_16_Max_Crocombe.jpg,"**World Cup**: 3 MP, 21 SoTA, 11 Saves, 52.4% Save%, 0 CS | **Domestic (Millwall)**: 25 MP, 11 Saves, 52.4% Save%, 0 CS"
36,Matej Kovar,Czechia,PSV,28,3,9,15,60.0,0,2.0,25,9,60.0,0,2.0,5.3,World Cup Participant,"Mexico, South Africa, South Korea",gk_27_Matej_Kovar.jpg,goalkeeper_images/gk_27_Matej_Kovar.jpg,goalkeeper_images/gk_27_Matej_Kovar.jpg,"**World Cup**: 3 MP, 15 SoTA, 9 Saves, 60.0% Save%, 0 CS | **Domestic (PSV)**: 25 MP, 9 Saves, 60.0% Save%, 0 CS"
37,Matt Freese,United States,NYCFC,28,3,8,13,61.5,2,1.25,25,54,71.1,3,1.37,5.2,Round of 16 (Co-hosts),"Paraguay, Australia, Türkiye",gk_20_Matt_Freese.jpg,goalkeeper_images/gk_20_Matt_Freese.jpg,goalkeeper_images/gk_20_Matt_Freese.jpg,"**World Cup**: 3 MP, 13 SoTA, 8 Saves, 61.5% Save%, 2 CS | **Domestic (NYCFC)**: 25 MP, 54 Saves, 71.1% Save%, 3 CS"
38,Uğurcan Çakır,Türkiye,Galatasaray,28,3,8,13,61.5,0,1.67,25,8,61.5,0,1.67,5.2,World Cup Participant,"USA, Paraguay, Australia",gk_11_U_urcan__ak_r.jpg,goalkeeper_images/gk_11_U_urcan__ak_r.jpg,goalkeeper_images/gk_11_U_urcan__ak_r.jpg,"**World Cup**: 3 MP, 13 SoTA, 8 Saves, 61.5% Save%, 0 CS | **Domestic (Galatasaray)**: 25 MP, 8 Saves, 61.5% Save%, 0 CS"
39,Luca Zidane,Algeria,Granada,28,3,8,14,57.1,0,2.0,25,8,57.1,0,2.0,5.2,World Cup Participant,"Argentina, Austria, Jordan",gk_62_Luca_Zidane.jpg,goalkeeper_images/gk_62_Luca_Zidane.jpg,goalkeeper_images/gk_62_Luca_Zidane.jpg,"**World Cup**: 3 MP, 14 SoTA, 8 Saves, 57.1% Save%, 0 CS | **Domestic (Granada)**: 25 MP, 8 Saves, 57.1% Save%, 0 CS"
40,Édouard Mendy,Senegal,Al-Ahli,28,4,8,14,57.1,0,3.55,25,43,70.5,14,0.69,5.2,Round of 32,"France, Iraq, Norway",gk_32__douard_Mendy.jpg,goalkeeper_images/gk_32__douard_Mendy.jpg,goalkeeper_images/gk_32__douard_Mendy.jpg,"**World Cup**: 4 MP, 14 SoTA, 8 Saves, 57.1% Save%, 0 CS | **Domestic (Al-Ahli)**: 25 MP, 43 Saves, 70.5% Save%, 14 CS"
41,Yazeed Abulaila,Jordan,Al-Hussein SC,28,3,8,16,50.0,0,2.67,25,8,50.0,0,2.67,5.2,World Cup Participant,"Argentina, Algeria, Austria",gk_01_Yazeed_Abulaila.jpg,goalkeeper_images/gk_01_Yazeed_Abulaila.jpg,goalkeeper_images/gk_01_Yazeed_Abulaila.jpg,"**World Cup**: 3 MP, 16 SoTA, 8 Saves, 50.0% Save%, 0 CS | **Domestic (Al-Hussein SC)**: 25 MP, 8 Saves, 50.0% Save%, 0 CS"
42,Jalal Hassan,Iraq,Al-Zawra'a SC,28,3,8,16,50.0,0,5.33,25,8,50.0,0,5.33,5.2,World Cup Participant,"France, Senegal, Norway",gk_24_Jalal_Hassan.jpg,goalkeeper_images/gk_24_Jalal_Hassan.jpg,goalkeeper_images/gk_24_Jalal_Hassan.jpg,"**World Cup**: 3 MP, 16 SoTA, 8 Saves, 50.0% Save%, 0 CS | **Domestic (Al-Zawra'a SC)**: 25 MP, 8 Saves, 50.0% Save%, 0 CS"
43,Orlando Mosquera,Panama,Al-Fayha,28,3,7,11,63.6,0,1.33,25,92,64.8,7,1.56,5.2,World Cup Participant,"England, Croatia, Ghana",gk_33_Orlando_Mosquera.jpg,goalkeeper_images/gk_33_Orlando_Mosquera.jpg,goalkeeper_images/gk_33_Orlando_Mosquera.jpg,"**World Cup**: 3 MP, 11 SoTA, 7 Saves, 63.6% Save%, 0 CS | **Domestic (Al-Fayha)**: 25 MP, 92 Saves, 64.8% Save%, 7 CS"
44,Maxime Crépeau,Canada,Orlando City,28,3,6,12,50.0,2,1.2,25,69,61.6,1,3.04,5.2,World Cup Participant,"Bosnia, Qatar, Switzerland",gk_15_Maxime_Cr_peau.jpg,goalkeeper_images/gk_15_Maxime_Cr_peau.jpg,goalkeeper_images/gk_15_Maxime_Cr_peau.jpg,"**World Cup**: 3 MP, 12 SoTA, 6 Saves, 50.0% Save%, 2 CS | **Domestic (Orlando City)**: 25 MP, 69 Saves, 61.6% Save%, 1 CS"
45,Nikola Vasilj,Bosnia–Herz,St Pauli,28,3,6,14,42.9,0,2.0,25,123,67.2,5,1.76,5.2,World Cup Participant,"Canada, Qatar, Switzerland",gk_56_Nikola_Vasilj.jpg,goalkeeper_images/gk_56_Nikola_Vasilj.jpg,goalkeeper_images/gk_56_Nikola_Vasilj.jpg,"**World Cup**: 3 MP, 14 SoTA, 6 Saves, 42.9% Save%, 0 CS | **Domestic (St Pauli)**: 25 MP, 123 Saves, 67.2% Save%, 5 CS"
46,Dean Henderson,England,Crystal Palace,28,3,5,9,55.6,0,4.0,25,104,67.3,11,1.38,5.2,Semifinalists (3rd Place) 🥉,"Croatia, Panama, Ghana",gk_25_Dean_Henderson.jpg,goalkeeper_images/gk_25_Dean_Henderson.jpg,goalkeeper_images/gk_25_Dean_Henderson.jpg,"**World Cup**: 3 MP, 9 SoTA, 5 Saves, 55.6% Save%, 0 CS | **Domestic (Crystal Palace)**: 25 MP, 104 Saves, 67.3% Save%, 11 CS"
47,Egil Selvik,Norway,Watford,28,3,5,9,55.6,0,4.0,25,5,55.6,0,4.0,5.2,Round of 16 (Biggest Climb +12),"France, Senegal, Iraq",gk_49_Egil_Selvik.jpg,goalkeeper_images/gk_49_Egil_Selvik.jpg,goalkeeper_images/gk_49_Egil_Selvik.jpg,"**World Cup**: 3 MP, 9 SoTA, 5 Saves, 55.6% Save%, 0 CS | **Domestic (Watford)**: 25 MP, 5 Saves, 55.6% Save%, 0 CS"
48,Manuel Neuer,Germany,Bayern Munich,28,4,5,10,50.0,0,1.15,23,31,60.8,7,0.97,5.2,Round of 16,"Curaçao, Ivory Coast, Ecuador",gk_37_Manuel_Neuer.jpg,goalkeeper_images/gk_37_Manuel_Neuer.jpg,goalkeeper_images/gk_37_Manuel_Neuer.jpg,"**World Cup**: 4 MP, 10 SoTA, 5 Saves, 50.0% Save%, 0 CS | **Domestic (Bayern Munich)**: 23 MP, 31 Saves, 60.8% Save%, 7 CS"
49,Aymen Dahmen,Tunisia,Ahly Sfaxien,28,3,5,12,41.7,0,3.5,25,5,41.7,0,3.5,5.2,World Cup Participant,"Netherlands, Japan, Sweden",gk_17_Aymen_Dahmen.jpg,goalkeeper_images/gk_17_Aymen_Dahmen.jpg,goalkeeper_images/gk_17_Aymen_Dahmen.jpg,"**World Cup**: 3 MP, 12 SoTA, 5 Saves, 41.7% Save%, 0 CS | **Domestic (Ahly Sfaxien)**: 25 MP, 5 Saves, 41.7% Save%, 0 CS"
50,Abduvohid Nematov,Uzbekistan,FC Nasaf,28,3,5,13,38.5,0,4.0,25,5,38.5,0,4.0,5.2,World Cup Participant,"Portugal, DR Congo, Colombia",gk_36_Abduvohid_Nematov.jpg,goalkeeper_images/gk_36_Abduvohid_Nematov.jpg,goalkeeper_images/gk_36_Abduvohid_Nematov.jpg,"**World Cup**: 3 MP, 13 SoTA, 5 Saves, 38.5% Save%, 0 CS | **Domestic (FC Nasaf)**: 25 MP, 5 Saves, 38.5% Save%, 0 CS"
51,Mory Diaw,Senegal,Le Havre,28,3,4,7,57.1,1,1.13,25,80,66.1,7,1.39,5.2,Round of 32,"France, Iraq, Norway",gk_18_Mory_Diaw.jpg,goalkeeper_images/gk_18_Mory_Diaw.jpg,goalkeeper_images/gk_18_Mory_Diaw.jpg,"**World Cup**: 3 MP, 7 SoTA, 4 Saves, 57.1% Save%, 1 CS | **Domestic (Le Havre)**: 25 MP, 80 Saves, 66.1% Save%, 7 CS"
52,Fernando Muslera,Uruguay,Galatasaray,28,3,4,8,50.0,0,1.6,25,4,50.0,0,1.6,5.2,World Cup Participant,"Spain, Cabo Verde, Saudi Arabia",gk_35_Fernando_Muslera.jpg,goalkeeper_images/gk_35_Fernando_Muslera.jpg,goalkeeper_images/gk_35_Fernando_Muslera.jpg,"**World Cup**: 3 MP, 8 SoTA, 4 Saves, 50.0% Save%, 0 CS | **Domestic (Galatasaray)**: 25 MP, 4 Saves, 50.0% Save%, 0 CS"
53,Ahmed Basil,Iraq,Al-Shorta,28,3,3,7,42.9,0,2.67,25,3,42.9,0,2.67,5.2,World Cup Participant,"France, Senegal, Norway",gk_06_Ahmed_Basil.jpg,goalkeeper_images/gk_06_Ahmed_Basil.jpg,goalkeeper_images/gk_06_Ahmed_Basil.jpg,"**World Cup**: 3 MP, 7 SoTA, 3 Saves, 42.9% Save%, 0 CS | **Domestic (Al-Shorta)**: 25 MP, 3 Saves, 42.9% Save%, 0 CS"
54,Kristoffer Nordfeldt,Sweden,AIK Stockholm,28,3,3,9,33.3,0,3.0,25,3,33.3,0,3.0,5.2,World Cup Participant,"Netherlands, Japan, Tunisia",gk_38_Kristoffer_Nordfeldt.jpg,goalkeeper_images/gk_38_Kristoffer_Nordfeldt.jpg,goalkeeper_images/gk_38_Kristoffer_Nordfeldt.jpg,"**World Cup**: 3 MP, 9 SoTA, 3 Saves, 33.3% Save%, 0 CS | **Domestic (AIK Stockholm)**: 25 MP, 3 Saves, 33.3% Save%, 0 CS"
55,Senne Lammens,Belgium,Manchester Utd,28,3,2,3,66.7,0,4.5,25,78,66.9,8,1.22,5.2,Quarterfinalists,"Egypt, Iran, New Zealand",gk_28_Senne_Lammens.jpg,goalkeeper_images/gk_28_Senne_Lammens.jpg,goalkeeper_images/gk_28_Senne_Lammens.jpg,"**World Cup**: 3 MP, 3 SoTA, 2 Saves, 66.7% Save%, 0 CS | **Domestic (Manchester Utd)**: 25 MP, 78 Saves, 66.9% Save%, 8 CS"
56,Utkir Yusupov,Uzbekistan,Navbahor,28,3,1,4,25.0,0,3.0,25,1,25.0,0,3.0,5.2,World Cup Participant,"Portugal, DR Congo, Colombia",gk_61_Utkir_Yusupov.jpg,goalkeeper_images/gk_61_Utkir_Yusupov.jpg,goalkeeper_images/gk_61_Utkir_Yusupov.jpg,"**World Cup**: 3 MP, 4 SoTA, 1 Saves, 25.0% Save%, 0 CS | **Domestic (Navbahor)**: 25 MP, 1 Saves, 25.0% Save%, 0 CS"
57,Mouhib Chamakh,Tunisia,Club Africain,28,3,1,6,16.7,0,5.0,25,1,16.7,0,5.0,5.2,World Cup Participant,"Netherlands, Japan, Sweden",gk_12_Mouhib_Chamakh.jpg,goalkeeper_images/gk_12_Mouhib_Chamakh.jpg,goalkeeper_images/gk_12_Mouhib_Chamakh.jpg,"**World Cup**: 3 MP, 6 SoTA, 1 Saves, 16.7% Save%, 0 CS | **Domestic (Club Africain)**: 25 MP, 1 Saves, 16.7% Save%, 0 CS"
58,Guillermo Ochoa,Mexico,AEL Limassol,28,1,0,0,50.0,1,0.0,22,0,65.0,1,0.0,5.2,Round of 16 (Co-hosts),"South Africa, South Korea, Czechia",gk_40_Guillermo_Ochoa.jpg,goalkeeper_images/gk_40_Guillermo_Ochoa.jpg,goalkeeper_images/gk_40_Guillermo_Ochoa.jpg,"**World Cup**: 1 MP, 0 SoTA, 0 Saves, 50.0% Save%, 1 CS | **Domestic (AEL Limassol)**: 22 MP, 0 Saves, 65.0% Save%, 1 CS"
59,Mathew Ryan,Australia,Levante,28,4,0,0,50.0,0,0.0,25,124,68.9,9,1.56,5.2,Round of 32,"USA, Paraguay, Türkiye",gk_47_Mathew_Ryan.jpg,goalkeeper_images/gk_47_Mathew_Ryan.jpg,goalkeeper_images/gk_47_Mathew_Ryan.jpg,"**World Cup**: 4 MP, 0 SoTA, 0 Saves, 50.0% Save%, 0 CS | **Domestic (Levante)**: 25 MP, 124 Saves, 68.9% Save%, 9 CS"
60,Sergio Rochet,Uruguay,Internacional,28,3,0,0,50.0,0,0.0,25,0,65.0,0,0.0,5.2,World Cup Participant,"Spain, Cabo Verde, Saudi Arabia",gk_45_Sergio_Rochet.jpg,goalkeeper_images/gk_45_Sergio_Rochet.jpg,goalkeeper_images/gk_45_Sergio_Rochet.jpg,"**World Cup**: 3 MP, 0 SoTA, 0 Saves, 50.0% Save%, 0 CS | **Domestic (Internacional)**: 25 MP, 0 Saves, 65.0% Save%, 0 CS"
61,Matt Turner,United States,NE Revolution,28,5,0,3,0.0,0,3.0,18,62,77.5,4,1.2,5.2,Round of 16 (Co-hosts),"Paraguay, Australia, Türkiye",gk_54_Matt_Turner.jpg,goalkeeper_images/gk_54_Matt_Turner.jpg,goalkeeper_images/gk_54_Matt_Turner.jpg,"**World Cup**: 5 MP, 3 SoTA, 0 Saves, 0.0% Save%, 0 CS | **Domestic (NE Revolution)**: 18 MP, 62 Saves, 77.5% Save%, 4 CS"
62,Oussama Benbot,Algeria,USM Alger,28,3,0,3,0.0,0,3.0,25,0,0.0,0,3.0,5.2,World Cup Participant,"Argentina, Austria, Jordan",gk_09_Oussama_Benbot.jpg,goalkeeper_images/gk_09_Oussama_Benbot.jpg,goalkeeper_images/gk_09_Oussama_Benbot.jpg,"**World Cup**: 3 MP, 3 SoTA, 0 Saves, 0.0% Save%, 0 CS | **Domestic (USM Alger)**: 25 MP, 0 Saves, 0.0% Save%, 0 CS"
